{
  "rmse": 0.6713785732815543,
  "mae": 0.5351988077163696,
  "r2": 0.5643151998519897,
  "accuracy": 0.509090909090909,
  "f1_score": 0.5041637519389276,
  "train_loss": 0.9179149724188305,
  "total_params": 421313155,
  "trainable_params": 52816515,
  "timestamp": "2025-06-11T17:42:59.754098"
}