{
  "rmse": 0.535196790064607,
  "mae": 0.4078766703605652,
  "r2": 0.737863302230835,
  "accuracy": 0.5945945945945946,
  "f1_score": 0.594000594000594,
  "train_loss": 0.9034063462700163,
  "total_params": 421313155,
  "trainable_params": 52816515,
  "timestamp": "2025-06-15T02:21:06.258289"
}